

INSERT INTO `content_type` (content_type_id, type_name) VALUES
                                                            (0, '모든 관광지 유형'),
                                                            (12, '관광지'),
                                                            (14, '문화시설'),
                                                            (15, '축제 / 공연 / 행사'),
                                                            (25, '여행코스'),
                                                            (28, '레포츠'),
                                                            (32, '숙박'),
                                                            (38, '쇼핑'),
                                                            (39, '음식점');





INSERT INTO members (name, email_id, email_domain, password, phone, address, status, birthday, join_date)
VALUES
('관리자', 'admin', 'odysseyfrontiers.com', '1234', '010-1111-1111', '경상북도 구미시', 'ADMIN', '1999-09-22', '2024-05-10'),
('홍길동', 'honggildong', 'naver.com', 'password1', '010-1234-5678', '서울특별시 중구', 'ACTIVE', '1975-03-14', '2024-05-13'),
('김철수', 'kimcheolsu', 'google.com', 'password2', '010-2345-6789', '부산광역시 해운대구', 'ACTIVE', '1980-07-22', '2024-05-14'),
('이영희', 'leeyounghee', 'odysseyfrontiers.com', 'password3', '010-3456-7890', '대구광역시 수성구', 'ACTIVE', '1985-05-30', '2024-05-15'),
('박영수', 'parkyoungsu', 'naver.com', 'password4', '010-4567-8901', '인천광역시 남동구', 'ACTIVE', '1990-01-15', '2024-05-16'),
('최민호', 'choiminho', 'google.com', 'password5', '010-5678-9012', '광주광역시 북구', 'ACTIVE', '1995-09-10', '2024-05-17'),
('장미', 'jangmi', 'odysseyfrontiers.com', 'password6', '010-6789-0123', '대전광역시 서구', 'ACTIVE', '2000-12-25', '2024-05-18'),
('정우성', 'jungwoosung', 'naver.com', 'password7', '010-7890-1234', '울산광역시 중구', 'ACTIVE', '1972-11-11', '2024-05-19'),
('한지민', 'hanjimin', 'google.com', 'password8', '010-8901-2345', '경기도 수원시', 'ACTIVE', '1978-06-05', '2024-05-20'),
('김하늘', 'kimhaneul', 'odysseyfrontiers.com', 'password9', '010-9012-3456', '경상남도 창원시', 'ACTIVE', '1983-08-20', '2024-05-21'),
('강호동', 'kanghodong', 'naver.com', 'password10', '010-0123-4567', '충청남도 천안시', 'ACTIVE', '1991-03-03', '2024-05-22'),
('신동엽', 'shindongyeop', 'google.com', 'password11', '010-1234-6789', '전라북도 전주시', 'ACTIVE', '1998-04-18', '2024-05-23'),
('유재석', 'yoojaesuk', 'naver.com', 'password12', '010-2345-7890', '강원도 춘천시', 'ACTIVE', '1974-02-28', '2024-05-11'),
('박나래', 'parknarae', 'google.com', 'password13', '010-3456-8901', '제주특별자치도 제주시', 'ACTIVE', '1989-10-09', '2024-05-12'),
('송지효', 'songjihyo', 'odysseyfrontiers.com', 'password14', '010-4567-9012', '경기도 성남시', 'ACTIVE', '2003-07-07', '2024-05-13');


INSERT INTO board (member_id, subject, content, register_time, type)
VALUES
(1, '커뮤니티에 오신 것을 환영합니다', '우리 커뮤니티에 새로 오신 분들을 환영합니다.', '2024-05-13', 'notice'),
(2, '커뮤니티 가이드라인', '모두가 즐거운 경험을 할 수 있도록 커뮤니티 가이드라인을 읽고 따르세요.', '2024-05-14', 'notice'),
(3, '주간 업데이트', '이번 주 커뮤니티의 이벤트와 뉴스를 알려드립니다.', '2024-05-15', 'notice'),
(4, '새로운 기능 소개', '새로운 기능들을 소개합니다. 많이 이용해 주세요.', '2024-05-16', 'notice'),
(5, '정기 점검 안내', '이번 토요일 오전 1시부터 3시까지 정기 점검이 있을 예정입니다.', '2024-05-17', 'notice'),
(6, '스터디 모집', '다가오는 시험을 대비해 스터디를 모집합니다. 관심 있는 분들 연락 주세요.', '2024-05-18', 'community'),
(7, '영화 추천', '이번 주말에 영화 밤을 가질 예정입니다. 추천할 영화가 있나요?', '2024-05-19', 'community'),
(8, '요가 세션', '이번 일요일 오전 9시에 요가 세션에 참여하세요.', '2024-05-20', 'community'),
(9, '독서 모임', '다음 독서 모임은 수요일입니다. "위대한 개츠비"를 함께 읽어봅시다.', '2024-05-21', 'community'),
(10, '정원 가꾸기 팁', '정원 가꾸기 팁을 공유해 주세요.', '2024-05-22', 'community'),
(1, '레시피 교환', '즐겨먹는 레시피를 공유해요!', '2024-05-13', 'community'),
(2, '기술 토크', '최신 기술 트렌드에 대해 토론해 봅시다.', '2024-05-14', 'community'),
(3, '미술 전시회', '이번 금요일 커뮤니티 센터에서 미술 전시회가 열립니다.', '2024-05-15', 'community'),
(4, '자원봉사 기회', '다가오는 커뮤니티 청소 행사에 자원봉사자를 모집합니다.', '2024-05-16', 'community'),
(5, '분실물 센터', '잃어버린 물건이나 발견한 물건이 있으면 여기 게시해 주세요.', '2024-05-17', 'community'),
(6, '카풀', '도심까지 카풀할 사람을 찾습니다. 함께 이동해요.', '2024-05-18', 'community'),
(7, '피트니스 챌린지', '다음 월요일부터 30일 피트니스 챌린지에 참여하세요.', '2024-05-19', 'community'),
(8, '사진 콘테스트', '최고의 사진을 제출해 멋진 상품을 받으세요.', '2024-05-20', 'community'),
(9, '애완동물 입양 행사', '이번 토요일 공원에서 애완동물 입양 행사가 열립니다.', '2024-05-21', 'community'),
(10, '음악 잼 세션', '커뮤니티의 음악가들, 이번 금요일 저녁에 잼 세션을 가집시다.', '2024-05-22', 'community'),
(1, '언어 교환', '언어 교환 프로그램에 관심 있는 분들 함께해요. 서로에게 배워봅시다.', '2024-05-13', 'community'),
(2, 'DIY 워크샵', 'DIY 워크샵에 참여해 멋진 공예품을 만들어보세요.', '2024-05-14', 'community');


-- Create plan dummy data
-- Insert Plan Data
INSERT INTO plan (member_id, title, description, season, start_time, access_type, recent_update_time)
VALUES
(1, '봄 여행 계획', '봄에 여행 계획입니다.', 'SPRING', '2024-04-10 08:00:00', 'PUBLIC', '2024-04-10 08:00:00'),
(2, '여름 휴가 계획', '여름에 휴가를 계획합니다.', 'SUMMER', '2024-07-10 08:00:00', 'PUBLIC', '2024-07-10 08:00:00'),
(3, '가을 단풍 여행', '가을에 단풍을 보러 갑니다.', 'FALL', '2024-10-10 08:00:00', 'PUBLIC', '2024-10-10 08:00:00'),
(4, '겨울 스키 여행', '겨울에 스키를 타러 갑니다.', 'WINTER', '2024-12-10 08:00:00', 'PUBLIC', '2024-12-10 08:00:00'),
(5, '봄꽃 구경', '봄에 꽃을 구경하러 갑니다.', 'SPRING', '2024-04-15 08:00:00', 'PUBLIC', '2024-04-15 08:00:00'),
(6, '여름 해변 여행', '여름에 해변으로 여행갑니다.', 'SUMMER', '2024-07-20 08:00:00', 'PUBLIC', '2024-07-20 08:00:00'),
(7, '가을 국립공원 여행', '가을에 국립공원을 탐방합니다.', 'FALL', '2024-09-15 08:00:00', 'PUBLIC', '2024-09-15 08:00:00'),
(8, '겨울 온천 여행', '겨울에 온천을 즐기러 갑니다.', 'WINTER', '2024-12-20 08:00:00', 'PUBLIC', '2024-12-20 08:00:00'),
(9, '봄 캠핑', '봄에 캠핑을 갑니다.', 'SPRING', '2024-04-25 08:00:00', 'PUBLIC', '2024-04-25 08:00:00'),
(10, '여름 섬 여행', '여름에 섬으로 여행갑니다.', 'SUMMER', '2024-08-10 08:00:00', 'PUBLIC', '2024-08-10 08:00:00'),
(11, '가을 와이너리 투어', '가을에 와이너리 투어를 갑니다.', 'FALL', '2024-10-20 08:00:00', 'PUBLIC', '2024-10-20 08:00:00'),
(3, '겨울 여행', '겨울에 여행을 갑니다.', 'WINTER', '2024-12-30 08:00:00', 'PUBLIC', '2024-12-30 08:00:00'),
(5, '봄 나들이', '봄에 나들이를 갑니다.', 'SPRING', '2024-05-05 08:00:00', 'PUBLIC', '2024-05-05 08:00:00'),
(7, '여름 리조트 여행', '여름에 리조트로 여행갑니다.', 'SUMMER', '2024-08-15 08:00:00', 'PUBLIC', '2024-08-15 08:00:00'),
(9, '가을 여행', '가을에 여행을 갑니다.', 'FALL', '2024-09-25 08:00:00', 'PUBLIC', '2024-09-25 08:00:00');

-- Insert PlanDetail Data
INSERT INTO plan_detail (plan_id, day, content_id, description, plan_time)
VALUES
(1, 2, 1622907, '첫째 날 일정', '2024-04-10 10:00:00'),
(1, 3, 1622923, '둘째 날 일정', '2024-04-11 10:00:00'),
(1, 4, 1623646, '셋째 날 일정', '2024-04-12 10:00:00'),
(2, 2, 1623658, '첫째 날 일정', '2024-07-10 10:00:00'),
(2, 3, 1623668, '둘째 날 일정', '2024-07-11 10:00:00'),
(2, 4, 1623687, '셋째 날 일정', '2024-07-12 10:00:00'),
(2, 5, 1623698, '넷째 날 일정', '2024-07-13 10:00:00'),
(3, 2, 1623712, '첫째 날 일정', '2024-10-10 10:00:00'),
(3, 3, 1623717, '둘째 날 일정', '2024-10-11 10:00:00'),
(3, 4, 1623735, '셋째 날 일정', '2024-10-12 10:00:00'),
(4, 2, 1623743, '첫째 날 일정', '2024-12-10 10:00:00'),
(4, 3, 1623747, '둘째 날 일정', '2024-12-11 10:00:00'),
(4, 4, 1623750, '셋째 날 일정', '2024-12-12 10:00:00'),
(5, 2, 1623761, '첫째 날 일정', '2024-04-15 10:00:00'),
(5, 3, 1623764, '둘째 날 일정', '2024-04-16 10:00:00'),
(5, 4, 1623767, '셋째 날 일정', '2024-04-17 10:00:00'),
(6, 2, 1623771, '첫째 날 일정', '2024-07-20 10:00:00'),
(6, 3, 1623794, '둘째 날 일정', '2024-07-21 10:00:00'),
(6, 4, 1623801, '셋째 날 일정', '2024-07-22 10:00:00'),
(7, 2, 1623806, '첫째 날 일정', '2024-09-15 10:00:00'),
(7, 3, 1623810, '둘째 날 일정', '2024-09-16 10:00:00'),
(7, 4, 1623828, '셋째 날 일정', '2024-09-17 10:00:00'),
(8, 2, 1623859, '첫째 날 일정', '2024-12-20 10:00:00'),
(8, 3, 1623888, '둘째 날 일정', '2024-12-21 10:00:00'),
(8, 4, 1623912, '셋째 날 일정', '2024-12-22 10:00:00'),
(9, 2, 1623927, '첫째 날 일정', '2024-04-25 10:00:00'),
(9, 3, 1623931, '둘째 날 일정', '2024-04-26 10:00:00'),
(9, 4, 1623937, '셋째 날 일정', '2024-04-27 10:00:00'),
(10, 2, 1623977, '첫째 날 일정', '2024-08-10 10:00:00'),
(10, 3, 1623995, '둘째 날 일정', '2024-08-11 10:00:00'),
(10, 4, 1624013, '셋째 날 일정', '2024-08-12 10:00:00'),
(11, 2, 1624029, '첫째 날 일정', '2024-10-20 10:00:00'),
(11, 3, 1624039, '둘째 날 일정', '2024-10-21 10:00:00'),
(11, 4, 1624064, '셋째 날 일정', '2024-10-22 10:00:00'),
(12, 2, 1624070, '첫째 날 일정', '2024-12-30 10:00:00'),
(12, 3, 1624075, 'Second day of winter travel', '2024-12-31 10:00:00'),
(12, 4, 1624083, 'Third day of winter travel', '2025-01-01 10:00:00'),

(13, 2, 1624105, 'First day of spring outing', '2024-04-20 10:00:00'),
(13, 3, 1624116, 'Second day of spring outing', '2024-04-21 10:00:00'),
(13, 4, 1624129, 'Third day of spring outing', '2024-04-22 10:00:00'),

(14, 2, 1624135, 'First day of summer resort', '2024-07-25 10:00:00'),
(14, 3, 1624140, 'Second day of summer resort', '2024-07-26 10:00:00'),
(14, 4, 1624144, 'Third day of summer resort', '2024-07-27 10:00:00'),

(15, 2, 1624164, 'First day of fall trip', '2024-09-30 10:00:00'),
(15, 3, 1624167, 'Second day of fall trip', '2024-10-01 10:00:00'),
(15, 4, 1624171, 'Third day of fall trip', '2024-10-02 10:00:00');


-- attraction_info 테이블에 삽입
INSERT INTO attraction_info (member_id, content_type_id, title, addr1, addr2, zipcode, tel, first_image, sido_code, gugun_code, latitude, longitude, mlevel)
VALUES
(2, 12, '경복궁', '서울특별시 종로구 사직로 161', '', '03045', '02-3700-3900', 'http://localhost/hotplace/image/30000001_title.png', 1, 1, 37.579617, 126.977041, 'A'),
(3, 12, '해운대 해수욕장', '부산광역시 해운대구 해운대해변로 264', '', '48095', '051-749-7601', 'http://localhost/hotplace/image/30000002_title.png', 6, 1, 35.158698, 129.160384, 'B'),
(4, 14, '불국사', '경상북도 경주시 불국로 385', '', '38127', '054-746-9913', 'http://localhost/hotplace/image/30000003_title.png', 3, 1, 35.790003, 129.331031, 'C'),
(5, 14, '설악산 국립공원', '강원도 속초시 설악산로 1091', '', '24903', '033-636-7700', 'http://localhost/hotplace/image/30000004_title.png', 32, 1, 38.119956, 128.465597, 'D'),
(6, 15, '한라산 국립공원', '제주특별자치도 제주시 1100로 2070-61', '', '63078', '064-713-9950', 'http://localhost/hotplace/image/30000005_title.png', 39, 1, 33.361700, 126.533958, 'E'),
(7, 15, '전주 한옥마을', '전라북도 전주시 완산구 기린대로 99', '', '55045', '063-282-1330', 'http://localhost/hotplace/image/30000006_title.png', 37, 1, 35.815083, 127.147952, 'F'),
(8, 25, '남산 서울타워', '서울특별시 용산구 남산공원길 105', '', '04340', '02-3455-9277', 'http://localhost/hotplace/image/30000007_title.png', 1, 1, 37.551169, 126.988227, 'G'),
(9, 25, '동대문 디자인 플라자', '서울특별시 중구 을지로 281', '', '04566', '02-2153-0000', 'http://localhost/hotplace/image/30000008_title.png', 1, 1, 37.566295, 127.007726, 'H'),
(10, 28, '제주도', '제주특별자치도 제주시 일주서로 600', '', '63122', '064-710-3311', 'http://localhost/hotplace/image/30000009_title.png', 39, 1, 33.499621, 126.531188, 'I'),
(11, 28, '부산타워', '부산광역시 중구 용두산길 37-55', '', '48950', '051-661-9393', 'http://localhost/hotplace/image/30000010_title.png', 6, 1, 35.100903, 129.032691, 'J'),
(2, 32, '경주 불국사', '경상북도 경주시 불국로 385', '', '38127', '054-746-9913', 'http://localhost/hotplace/image/30000011_title.png', 3, 1, 35.790003, 129.331031, 'K'),
(3, 32, '경주 첨성대', '경상북도 경주시 첨성로 140-25', '', '38171', '054-750-8655', 'http://localhost/hotplace/image/30000012_title.png', 3, 1, 35.834213, 129.224274, 'L'),
(4, 38, '국립중앙박물관', '서울특별시 용산구 서빙고로 137', '', '04383', '02-2077-9000', 'http://localhost/hotplace/image/30000013_title.png', 1, 1, 37.524847, 126.980312, 'M'),
(5, 38, '국립민속박물관', '서울특별시 종로구 삼청로 37', '', '03045', '02-3704-3114', 'http://localhost/hotplace/image/30000014_title.png', 1, 1, 37.583667, 126.977024, 'N'),
(6, 39, '창덕궁', '서울특별시 종로구 율곡로 99', '', '03072', '02-762-8261', 'http://localhost/hotplace/image/30000015_title.png', 1, 1, 37.582604, 126.991807, 'O'),
(7, 39, '창경궁', '서울특별시 종로구 창경궁로 185', '', '03072', '02-762-9513', 'http://localhost/hotplace/image/30000016_title.png', 1, 1, 37.578034, 126.995620, 'P');

-- attraction_detail 테이블에 삽입
INSERT INTO attraction_detail (content_id, created_time)
VALUES
(30000001, '2024-04-10'),
(30000002, '2024-04-11'),
(30000003, '2024-04-12'),
(30000004, '2024-04-13'),
(30000005, '2024-04-14'),
(30000006, '2024-04-15'),
(30000007, '2024-04-16'),
(30000008, '2024-04-17'),
(30000009, '2024-04-18'),
(30000010, '2024-04-19'),
(30000011, '2024-04-20'),
(30000012, '2024-04-21'),
(30000013, '2024-04-22'),
(30000014, '2024-04-23'),
(30000015, '2024-04-24'),
(30000016, '2024-04-25');

-- attraction_description 테이블에 삽입
INSERT INTO attraction_description (content_id, homepage, overview, telname)
VALUES
(30000001, 'http://royalpalace.go.kr', '경복궁은 서울특별시 종로구에 위치한 대표적인 궁궐입니다.', '경복궁 관리 사무소'),
(30000002, 'http://haeundaebeach.com', '해운대 해수욕장은 부산광역시 해운대구에 위치한 아름다운 해수욕장입니다.', '해운대 해수욕장 관리 사무소'),
(30000003, 'http://buddhism.or.kr', '불국사는 경상북도 경주시에서 위치한 유네스코 세계문화유산입니다.', '불국사 관리 사무소'),
(30000004, 'http://seorak.knps.or.kr', '설악산 국립공원은 강원도 속초시에 위치한 대한민국의 국립공원입니다.', '설악산 국립공원 관리 사무소'),
(30000005, 'http://hallasan.go.kr', '한라산 국립공원은 제주특별자치도 제주시와 서귀포시에 걸쳐 있는 국립공원입니다.', '한라산 국립공원 관리 사무소'),
(30000006, 'http://hanok.jeonju.go.kr', '전주 한옥마을은 전라북도 전주시에서 위치한 전통 한옥 마을입니다.', '전주 한옥마을 관리 사무소'),
(30000007, 'http://nseoultower.co.kr', '남산 서울타워는 서울특별시 용산구에 위치한 전망대입니다.', '남산 서울타워 관리 사무소'),
(30000008, 'http://ddp.or.kr', '동대문 디자인 플라자는 서울특별시 중구에 위치한 복합 문화 공간입니다.', '동대문 디자인 플라자 관리 사무소'),
(30000009, 'http://visitjeju.net', '제주도는 제주특별자치도에 위치한 대표적인 관광지입니다.', '제주도 관광 관리 사무소'),
(30000010, 'http://busantower.co.kr', '부산타워는 부산광역시 중구에 위치한 전망대입니다.', '부산타워 관리 사무소'),
(30000011, 'http://buddhism.or.kr', '경주 불국사는 경상북도 경주시에서 위치한 유네스코 세계문화유산입니다.', '불국사 관리 사무소'),
(30000012, 'http://cheomseongdae.or.kr', '경주 첨성대는 경상북도 경주시에서 위치한 대한민국의 대표적인 천문대입니다.', '첨성대 관리 사무소'),
(30000013, 'http://museum.go.kr', '국립중앙박물관은 서울특별시 용산구에 위치한 대한민국의 대표적인 박물관입니다.', '국립중앙박물관 관리 사무소'),
(30000014, 'http://nfm.go.kr', '국립민속박물관은 서울특별시 종로구에 위치한 민속 박물관입니다.', '국립민속박물관 관리 사무소'),
(30000015, 'http://cdg.go.kr', '창덕궁은 서울특별시 종로구에 위치한 대표적인 궁궐입니다.', '창덕궁 관리 사무소'),
(30000016, 'http://cgg.go.kr', '창경궁은 서울특별시 종로구에 위치한 대표적인 궁궐입니다.', '창경궁 관리 사무소');

-- board_hit --
(8, 4, '2024-05-21 11:43:18', '2024-05-21 11:43:18'),
(8, 1, '2024-05-16 16:26:59', '2024-05-16 16:26:59'),
(3, 10, '2024-05-18 23:05:57', '2024-05-18 23:05:57'),
INSERT INTO board_hit (member_id, board_no, create_time, update_time) VALUES
(8, 13, '2024-05-22 05:24:32', '2024-05-22 05:24:32'),
(8, 5, '2024-05-18 08:01:40', '2024-05-18 08:01:40'),
(2, 22, '2024-05-20 23:03:07', '2024-05-20 23:03:07'),
(7, 12, '2024-05-22 11:21:00', '2024-05-22 11:21:00'),
(14, 17, '2024-05-17 13:32:10', '2024-05-17 13:32:10'),
(3, 9, '2024-05-23 18:57:36', '2024-05-23 18:57:36'),
(10, 1, '2024-05-16 11:26:36', '2024-05-16 11:26:36'),
(4, 7, '2024-05-22 16:24:32', '2024-05-22 16:24:32'),
(10, 18, '2024-05-20 05:18:38', '2024-05-20 05:18:38'),
(12, 6, '2024-05-14 12:18:33', '2024-05-14 12:18:33'),
(15, 2, '2024-05-23 04:02:10', '2024-05-23 04:02:10'),
(15, 8, '2024-05-18 20:29:21', '2024-05-18 20:29:21'),
(15, 14, '2024-05-20 13:12:24', '2024-05-20 13:12:24'),
(13, 10, '2024-05-22 05:50:17', '2024-05-22 05:50:17'),
(13, 6, '2024-05-22 11:17:01', '2024-05-22 11:17:01'),
(6, 5, '2024-05-20 13:19:30', '2024-05-20 13:19:30'),
(8, 4, '2024-05-22 06:56:55', '2024-05-22 06:56:55'),
(3, 16, '2024-05-20 09:13:26', '2024-05-20 09:13:26'),
(11, 2, '2024-05-19 11:19:34', '2024-05-19 11:19:34'),
(13, 20, '2024-05-18 08:11:51', '2024-05-18 08:11:51'),
(8, 2, '2024-05-18 04:10:22', '2024-05-18 04:10:22'),
(3, 19, '2024-05-15 00:20:03', '2024-05-15 00:20:03'),
(3, 14, '2024-05-21 05:21:50', '2024-05-21 05:21:50'),
(6, 16, '2024-05-18 06:10:51', '2024-05-18 06:10:51'),
(4, 16, '2024-05-19 16:20:45', '2024-05-19 16:20:45'),
(6, 17, '2024-05-21 04:11:37', '2024-05-21 04:11:37'),
(14, 9, '2024-05-19 12:17:11', '2024-05-19 12:17:11'),
(10, 18, '2024-05-22 09:34:39', '2024-05-22 09:34:39'),
(2, 10, '2024-05-16 01:31:02', '2024-05-16 01:31:02'),
(3, 10, '2024-05-22 22:39:33', '2024-05-22 22:39:33'),
(8, 12, '2024-05-18 13:46:14', '2024-05-18 13:46:14'),
(4, 22, '2024-05-18 19:25:08', '2024-05-18 19:25:08'),
(5, 6, '2024-05-23 15:33:32', '2024-05-23 15:33:32'),
(7, 18, '2024-05-14 12:15:10', '2024-05-14 12:15:10'),
(7, 6, '2024-05-20 07:51:25', '2024-05-20 07:51:25'),
(4, 18, '2024-05-20 19:50:35', '2024-05-20 19:50:35'),
(10, 16, '2024-05-16 23:47:22', '2024-05-16 23:47:22'),
(15, 13, '2024-05-23 07:13:09', '2024-05-23 07:13:09'),
(2, 13, '2024-05-14 23:12:23', '2024-05-14 23:12:23'),
(12, 14, '2024-05-14 11:33:26', '2024-05-14 11:33:26'),
(7, 8, '2024-05-18 11:47:44', '2024-05-18 11:47:44'),
(10, 19, '2024-05-22 09:49:57', '2024-05-22 09:49:57'),
(8, 8, '2024-05-17 22:11:03', '2024-05-17 22:11:03'),
(4, 20, '2024-05-19 16:53:49', '2024-05-19 16:53:49'),
(7, 16, '2024-05-15 17:57:57', '2024-05-15 17:57:57'),
(3, 17, '2024-05-21 07:08:29', '2024-05-21 07:08:29'),
(8, 16, '2024-05-20 10:17:03', '2024-05-20 10:17:03'),
(6, 10, '2024-05-24 01:51:24', '2024-05-24 01:51:24'),
(3, 19, '2024-05-21 06:18:42', '2024-05-21 06:18:42'),
(4, 20, '2024-05-15 03:37:59', '2024-05-15 03:37:59'),
(12, 1, '2024-05-20 20:52:56', '2024-05-20 20:52:56'),
(4, 19, '2024-05-18 11:15:52', '2024-05-18 11:15:52'),
(4, 7, '2024-05-21 20:28:34', '2024-05-21 20:28:34'),
(15, 2, '2024-05-15 13:47:07', '2024-05-15 13:47:07'),
(8, 14, '2024-05-23 05:27:53', '2024-05-23 05:27:53'),
(7, 4, '2024-05-20 05:25:59', '2024-05-20 05:25:59'),
(10, 15, '2024-05-19 20:13:42', '2024-05-19 20:13:42'),
(8, 12, '2024-05-17 05:42:09', '2024-05-17 05:42:09'),
(12, 11, '2024-05-19 09:36:36', '2024-05-19 09:36:36'),
(7, 22, '2024-05-15 06:28:20', '2024-05-15 06:28:20'),
(3, 2, '2024-05-16 17:49:35', '2024-05-16 17:49:35'),
(15, 11, '2024-05-16 09:26:28', '2024-05-16 09:26:28'),
(10, 11, '2024-05-18 01:48:49', '2024-05-18 01:48:49'),
(6, 6, '2024-05-18 13:34:05', '2024-05-18 13:34:05'),
(8, 21, '2024-05-22 01:04:57', '2024-05-22 01:04:57'),
(9, 15, '2024-05-23 08:10:09', '2024-05-23 08:10:09'),
(13, 14, '2024-05-15 08:27:49', '2024-05-15 08:27:49'),
(7, 9, '2024-05-23 12:36:25', '2024-05-23 12:36:25'),
(3, 21, '2024-05-14 20:59:52', '2024-05-14 20:59:52'),
(14, 22, '2024-05-14 15:48:26', '2024-05-14 15:48:26'),
(12, 13, '2024-05-18 23:58:28', '2024-05-18 23:58:28'),
(14, 5, '2024-05-20 11:50:13', '2024-05-20 11:50:13'),
(12, 5, '2024-05-23 04:59:43', '2024-05-23 04:59:43'),
(13, 15, '2024-05-23 05:00:28', '2024-05-23 05:00:28'),
(5, 18, '2024-05-22 10:38:18', '2024-05-22 10:38:18'),
(9, 2, '2024-05-18 23:15:21', '2024-05-18 23:15:21'),
(7, 1, '2024-05-16 22:26:39', '2024-05-16 22:26:39'),
(6, 11, '2024-05-24 01:09:03', '2024-05-24 01:09:03'),
(11, 22, '2024-05-20 11:36:23', '2024-05-20 11:36:23'),
(10, 1, '2024-05-14 06:16:37', '2024-05-14 06:16:37'),
(10, 5, '2024-05-14 23:01:01', '2024-05-14 23:01:01'),
(12, 19, '2024-05-21 14:37:18', '2024-05-21 14:37:18'),
(11, 7, '2024-05-16 20:22:08', '2024-05-16 20:22:08'),
(8, 6, '2024-05-21 13:14:28', '2024-05-21 13:14:28'),
(3, 10, '2024-05-20 11:36:45', '2024-05-20 11:36:45'),
(9, 15, '2024-05-19 04:55:13', '2024-05-19 04:55:13'),
(6, 18, '2024-05-15 05:04:45', '2024-05-15 05:04:45'),
(4, 22, '2024-05-21 21:22:26', '2024-05-21 21:22:26'),
(6, 21, '2024-05-19 01:59:15', '2024-05-19 01:59:15'),
(2, 4, '2024-05-18 20:34:04', '2024-05-18 20:34:04'),
(15, 11, '2024-05-15 09:31:23', '2024-05-15 09:31:23'),
(6, 8, '2024-05-20 00:13:31', '2024-05-20 00:13:31'),
(5, 16, '2024-05-15 18:13:42', '2024-05-15 18:13:42'),
(15, 13, '2024-05-21 13:37:46', '2024-05-21 13:37:46'),
(12, 4, '2024-05-19 20:02:00', '2024-05-19 20:02:00'),
(4, 21, '2024-05-22 19:34:10', '2024-05-22 19:34:10'),
(2, 18, '2024-05-21 01:39:25', '2024-05-21 01:39:25'),
(2, 19, '2024-05-14 16:48:57', '2024-05-14 16:48:57'),
(11, 4, '2024-05-20 17:53:53', '2024-05-20 17:53:53'),
(9, 17, '2024-05-23 11:57:46', '2024-05-23 11:57:46'),
(2, 3, '2024-05-15 00:40:39', '2024-05-15 00:40:39'),
(4, 10, '2024-05-19 14:11:39', '2024-05-19 14:11:39'),
(7, 14, '2024-05-16 13:53:52', '2024-05-16 13:53:52'),
(7, 7, '2024-05-15 00:31:34', '2024-05-15 00:31:34'),
(14, 3, '2024-05-18 16:40:54', '2024-05-18 16:40:54'),
(13, 16, '2024-05-17 04:14:38', '2024-05-17 04:14:38'),
(2, 3, '2024-05-19 12:24:50', '2024-05-19 12:24:50'),
(13, 22, '2024-05-16 16:34:52', '2024-05-16 16:34:52'),
(13, 16, '2024-05-16 17:37:40', '2024-05-16 17:37:40'),
(4, 4, '2024-05-24 01:44:19', '2024-05-24 01:44:19'),
(13, 13, '2024-05-20 13:10:27', '2024-05-20 13:10:27'),
(6, 6, '2024-05-18 23:01:28', '2024-05-18 23:01:28'),
(7, 21, '2024-05-17 13:58:20', '2024-05-17 13:58:20'),
(4, 14, '2024-05-22 07:51:16', '2024-05-22 07:51:16'),
(11, 9, '2024-05-23 08:50:29', '2024-05-23 08:50:29'),
(15, 18, '2024-05-23 01:04:10', '2024-05-23 01:04:10'),
(10, 15, '2024-05-18 08:27:31', '2024-05-18 08:27:31'),
(12, 18, '2024-05-16 07:19:20', '2024-05-16 07:19:20'),
(13, 17, '2024-05-17 21:17:38', '2024-05-17 21:17:38'),
(13, 14, '2024-05-14 04:31:15', '2024-05-14 04:31:15'),
(7, 8, '2024-05-23 19:42:12', '2024-05-23 19:42:12'),
(6, 17, '2024-05-19 23:30:09', '2024-05-19 23:30:09'),
(9, 22, '2024-05-21 23:56:57', '2024-05-21 23:56:57'),
(7, 6, '2024-05-23 15:44:24', '2024-05-23 15:44:24'),
(12, 12, '2024-05-21 05:09:40', '2024-05-21 05:09:40'),
(3, 19, '2024-05-22 06:42:42', '2024-05-22 06:42:42'),
(6, 14, '2024-05-22 16:11:42', '2024-05-22 16:11:42'),
(10, 5, '2024-05-23 01:55:10', '2024-05-23 01:55:10'),
(2, 5, '2024-05-20 12:25:54', '2024-05-20 12:25:54'),
(13, 17, '2024-05-20 07:05:57', '2024-05-20 07:05:57'),
(8, 15, '2024-05-20 09:09:51', '2024-05-20 09:09:51'),
(11, 17, '2024-05-15 08:40:37', '2024-05-15 08:40:37'),
(5, 11, '2024-05-18 02:15:21', '2024-05-18 02:15:21'),
(14, 7, '2024-05-14 20:39:39', '2024-05-14 20:39:39'),
(7, 9, '2024-05-16 05:40:29', '2024-05-16 05:40:29'),
(11, 16, '2024-05-20 18:11:38', '2024-05-20 18:11:38'),
(13, 21, '2024-05-21 05:09:30', '2024-05-21 05:09:30'),
(10, 10, '2024-05-18 08:13:17', '2024-05-18 08:13:17'),
(6, 6, '2024-05-17 17:51:54', '2024-05-17 17:51:54'),
(13, 11, '2024-05-18 02:57:05', '2024-05-18 02:57:05'),
(10, 14, '2024-05-20 08:32:16', '2024-05-20 08:32:16'),
(7, 1, '2024-05-22 07:15:39', '2024-05-22 07:15:39'),
(12, 22, '2024-05-18 03:13:54', '2024-05-18 03:13:54'),
(15, 13, '2024-05-19 08:38:52', '2024-05-19 08:38:52'),
(10, 2, '2024-05-15 01:31:20', '2024-05-15 01:31:20'),
(9, 6, '2024-05-18 07:45:28', '2024-05-18 07:45:28'),
(12, 5, '2024-05-22 23:03:59', '2024-05-22 23:03:59'),
(3, 19, '2024-05-19 01:24:51', '2024-05-19 01:24:51'),
(9, 13, '2024-05-14 09:57:08', '2024-05-14 09:57:08'),
(2, 16, '2024-05-23 09:40:38', '2024-05-23 09:40:38'),
(5, 7, '2024-05-16 10:05:33', '2024-05-16 10:05:33'),
(7, 11, '2024-05-19 02:51:40', '2024-05-19 02:51:40'),
(15, 6, '2024-05-21 09:04:58', '2024-05-21 09:04:58'),
(10, 7, '2024-05-19 17:50:38', '2024-05-19 17:50:38'),
(14, 10, '2024-05-14 13:41:35', '2024-05-14 13:41:35'),
(4, 13, '2024-05-20 09:05:11', '2024-05-20 09:05:11'),
(8, 7, '2024-05-17 12:57:56', '2024-05-17 12:57:56'),
(12, 6, '2024-05-16 09:15:02', '2024-05-16 09:15:02'),
(5, 16, '2024-05-21 06:08:34', '2024-05-21 06:08:34'),
(10, 2, '2024-05-22 23:16:15', '2024-05-22 23:16:15'),
(9, 3, '2024-05-15 21:56:16', '2024-05-15 21:56:16'),
(2, 16, '2024-05-19 11:51:30', '2024-05-19 11:51:30'),
(2, 13, '2024-05-20 20:43:04', '2024-05-20 20:43:04'),
(14, 2, '2024-05-16 09:31:23', '2024-05-16 09:31:23'),
(5, 21, '2024-05-17 01:45:17', '2024-05-17 01:45:17'),
(2, 15, '2024-05-14 11:19:22', '2024-05-14 11:19:22'),
(9, 13, '2024-05-21 03:14:02', '2024-05-21 03:14:02'),
(3, 19, '2024-05-15 16:25:50', '2024-05-15 16:25:50'),
(11, 14, '2024-05-14 08:10:27', '2024-05-14 08:10:27'),
(5, 4, '2024-05-18 16:04:11', '2024-05-18 16:04:11'),
(3, 18, '2024-05-18 03:12:55', '2024-05-18 03:12:55'),
(13, 15, '2024-05-22 02:12:49', '2024-05-22 02:12:49'),
(7, 14, '2024-05-18 05:27:10', '2024-05-18 05:27:10'),
(7, 7, '2024-05-15 06:58:12', '2024-05-15 06:58:12'),
(11, 17, '2024-05-23 09:57:10', '2024-05-23 09:57:10'),
(5, 3, '2024-05-16 01:18:11', '2024-05-16 01:18:11'),
(14, 12, '2024-05-17 21:49:13', '2024-05-17 21:49:13'),
(8, 7, '2024-05-16 13:32:59', '2024-05-16 13:32:59'),
(5, 1, '2024-05-16 07:15:05', '2024-05-16 07:15:05'),
(6, 17, '2024-05-18 20:31:10', '2024-05-18 20:31:10'),
(2, 20, '2024-05-20 03:47:13', '2024-05-20 03:47:13'),
(10, 4, '2024-05-20 19:27:30', '2024-05-20 19:27:30'),
(8, 14, '2024-05-14 15:54:54', '2024-05-14 15:54:54'),
(15, 11, '2024-05-23 17:51:03', '2024-05-23 17:51:03'),
(11, 3, '2024-05-18 09:47:47', '2024-05-18 09:47:47'),
(9, 3, '2024-05-19 03:28:28', '2024-05-19 03:28:28'),
(13, 18, '2024-05-22 10:17:43', '2024-05-22 10:17:43'),
(6, 17, '2024-05-17 09:55:23', '2024-05-17 09:55:23'),
(4, 5, '2024-05-22 15:29:55', '2024-05-22 15:29:55'),
(13, 12, '2024-05-17 11:40:37', '2024-05-17 11:40:37'),
(10, 7, '2024-05-20 18:02:20', '2024-05-20 18:02:20'),
(8, 18, '2024-05-18 06:06:47', '2024-05-18 06:06:47'),
(14, 20, '2024-05-22 02:51:10', '2024-05-22 02:51:10'),
(4, 12, '2024-05-20 21:49:16', '2024-05-20 21:49:16'),
(14, 8, '2024-05-22 15:32:12', '2024-05-22 15:32:12'),
(9, 6, '2024-05-19 04:23:23', '2024-05-19 04:23:23'),
(3, 11, '2024-05-17 01:02:55', '2024-05-17 01:02:55');


INSERT INTO attraction_like (member_id, content_id, create_time) VALUES
                                                                     (7, 3000006, '2024-05-22 16:55:41'),
                                                                     (7, 3000007, '2024-05-23 06:19:10'),
                                                                     (2, 3000015, '2024-05-18 10:25:10'),
                                                                     (3, 3000016, '2024-05-23 01:15:21'),
                                                                     (7, 3000005, '2024-05-15 14:20:42'),
                                                                     (11, 3000009, '2024-05-19 12:13:03'),
                                                                     (5, 3000006, '2024-05-18 10:30:17'),
                                                                     (12, 3000012, '2024-05-19 00:24:34'),
                                                                     (8, 3000007, '2024-05-17 03:42:48'),
                                                                     (3, 3000001, '2024-05-18 07:57:25');

-- attr-hit --
INSERT INTO attraction_hit (member_id, content_id, create_time) VALUES
                                                                    (10, 3000014, '2024-05-15 16:53:43'),
                                                                    (3, 3000014, '2024-05-21 21:01:08'),
                                                                    (4, 3000015, '2024-05-22 02:34:18'),
                                                                    (2, 3000009, '2024-05-23 13:34:45'),
                                                                    (3, 3000002, '2024-05-22 06:08:57'),
                                                                    (15, 3000012, '2024-05-14 11:43:33'),
                                                                    (5, 3000008, '2024-05-14 07:37:19'),
                                                                    (15, 3000015, '2024-05-21 06:56:23'),
                                                                    (15, 3000003, '2024-05-14 06:44:26'),
                                                                    (3, 3000010, '2024-05-22 22:11:14'),
                                                                    (6, 3000011, '2024-05-14 12:31:32'),
                                                                    (7, 3000015, '2024-05-18 13:30:37');

INSERT INTO attraction_hit (member_id, content_id, create_time) VALUES
                                                                     (7, 3000006, '2024-05-22 16:55:41'),
                                                                     (7, 3000007, '2024-05-23 06:19:10'),
                                                                     (2, 3000015, '2024-05-18 10:25:10'),
                                                                     (3, 3000016, '2024-05-23 01:15:21'),
                                                                     (7, 3000005, '2024-05-15 14:20:42'),
                                                                     (11, 3000009, '2024-05-19 12:13:03'),
                                                                     (5, 3000006, '2024-05-18 10:30:17'),
                                                                     (12, 3000012, '2024-05-19 00:24:34'),
                                                                     (8, 3000007, '2024-05-17 03:42:48'),
                                                                     (3, 3000001, '2024-05-18 07:57:25');




select * from members;

select * from followers;


select * from attraction_info
where content_id >= 3000000;




